{
   "backHubX": 340,
   "bottomBracketDrop": 72,
   "bottomBracketHeight": 264,
   "bottomBracketToFrontHub": 578.8109249026857,
   "bottomBracketX": 743.62854,
   "bottomBracketY": 268,
   "chainStayLength": 409.9999979299166,
   "crankLength": 170,
   "forkLength": 370.01866,
   "forkRake": 43.99997648590608,
   "frontHubX": 1317.94386,
   "handlebarAndHoodsReach": 116.00000000000013,
   "handlebarBackX": 1192.3489523616995,
   "handlebarDiameter": 31.8,
   "handlebarTopY": 904.3591887964925,
   "headTubeAngle": 72.99999722757516,
   "headTubeBottomCenterX": 1167.68347,
   "headTubeBottomCenterY": 680.98625,
   "headTubeLength": 137.00000038820215,
   "headTubeTopCenterX": 1127.62854,
   "headTubeTopCenterY": 812,
   "headTubeTopToTopTubeCenter": 30,
   "headsetBottomStack": 0.0000010986726408646064,
   "headsetSpacersStack": 30.000000000000014,
   "headsetTopStack": 10,
   "hoodsRestTopX": 1317.2532959073512,
   "hoodsRestTopY": 944.0335267012587,
   "hubY": 340,
   "name": "Aethos 54",
   "offsetX": 0,
   "offsetY": 4,
   "reach": 383.9999999999999,
   "saddleAngle": 0,
   "saddleBackX": 436.6586819451719,
   "saddleFrontToCenter": 150,
   "saddleLength": 240,
   "saddleStack": 40,
   "saddleTopToBottomBracket": 690.0005172034847,
   "saddleTopY": 922.9998430814653,
   "seatTubeAngle": 73.99999992759895,
   "seatTubeCenterToTop": 481.0000045993756,
   "seatTubeTopCenterX": 611.04697,
   "seatTubeTopCenterY": 730.36688,
   "seatTubeTopToTopTubeCenter": 30,
   "seatpostSetback": 12,
   "stack": 544,
   "stemAngle": 6,
   "stemLength": 100.0000000000001,
   "stemStack": 40,
   "stemToHoodsAngle": -20.000000672272712,
   "topTubeCenterToCenter": 523.5109538122116,
   "topTubeHorizontal": 539.9894905967312,
   "trail": 56.71511337054312,
   "wheelBase": 977.9438600000001,
   "wheelRadius": 340
}
