{
   "backHubX": 347,
   "bottomBracketDrop": 72,
   "bottomBracketHeight": 271,
   "bottomBracketToFrontHub": 578.821353273347,
   "bottomBracketX": 750.62854,
   "bottomBracketY": 275,
   "chainStayLength": 409.9999979299166,
   "crankLength": 170,
   "forkLength": 370.01866,
   "forkRake": 43.99997648590573,
   "frontHubX": 1324.95437,
   "handlebarAndHoodsReach": 109.99999308738623,
   "handlebarBackX": 1193.7779848988832,
   "handlebarDiameter": 31.8,
   "handlebarTopY": 890.5592582764206,
   "headTubeAngle": 72.99999722757515,
   "headTubeBottomCenterX": 1174.69398,
   "headTubeBottomCenterY": 687.98625,
   "headTubeLength": 137.00000038820215,
   "headTubeTopCenterX": 1134.63905,
   "headTubeTopCenterY": 819,
   "headTubeTopToTopTubeCenter": 30,
   "headsetBottomStack": 0.0000010986725840211875,
   "headsetSpacersStack": 22.999999999999915,
   "headsetTopStack": 7,
   "hoodsRestTopX": 1319.2593948988833,
   "hoodsRestTopY": 900.1463882764206,
   "hubY": 347,
   "name": "Aethos 54",
   "offsetX": 7,
   "offsetY": 4,
   "reach": 384.01050999999995,
   "saddleAngle": 0,
   "saddleBackX": 433.28441,
   "saddleFrontToCenter": 150,
   "saddleLength": 240,
   "saddleStack": 40,
   "saddleTopToBottomBracket": 691.2715022495813,
   "saddleTopY": 927.81769,
   "seatTubeAngle": 73.99999992759896,
   "seatTubeCenterToTop": 481.0000045993756,
   "seatTubeTopCenterX": 618.04697,
   "seatTubeTopCenterY": 737.36688,
   "seatTubeTopToTopTubeCenter": 30,
   "seatpostSetback": 20,
   "stack": 544,
   "stemAngle": 12,
   "stemLength": 89.99999999999984,
   "stemStack": 40,
   "stemToHoodsAngle": -4.999999424974653,
   "topTubeCenterToCenter": 523.5213347793401,
   "topTubeHorizontal": 540.0000005967313,
   "trail": 58.85522851112978,
   "wheelBase": 977.9543699999999,
   "wheelRadius": 340
}
