{
   "backHubX": 347,
   "bottomBracketDrop": 72,
   "bottomBracketHeight": 271,
   "bottomBracketToFrontHub": 578.821353273347,
   "bottomBracketX": 750.62854,
   "bottomBracketY": 275,
   "chainStayLength": 409.9999979299166,
   "crankLength": 170,
   "forkLength": 370.01866,
   "forkRake": 43.999976485905854,
   "frontHubX": 1324.95437,
   "handlebarAndHoodsReach": 109.99999308738623,
   "handlebarBackX": 1203.15519,
   "handlebarDiameter": 31.8,
   "handlebarTopY": 893.34343,
   "headTubeAngle": 72.99999722757516,
   "headTubeBottomCenterX": 1174.69398,
   "headTubeBottomCenterY": 687.98625,
   "headTubeLength": 137.00000038820215,
   "headTubeTopCenterX": 1134.63905,
   "headTubeTopCenterY": 819,
   "headTubeTopToTopTubeCenter": 30,
   "headsetBottomStack": 0.0000010986725840211875,
   "headsetSpacersStack": 25.00000426203104,
   "headsetTopStack": 7,
   "hoodsRestTopX": 1328.6366,
   "hoodsRestTopY": 902.93056,
   "hubY": 347,
   "name": "Aethos 54",
   "offsetX": 7,
   "offsetY": 4,
   "reach": 384.01050999999995,
   "saddleAngle": 0,
   "saddleBackX": 440.28440785004864,
   "saddleFrontToCenter": 150,
   "saddleLength": 240,
   "saddleStack": 40,
   "saddleTopToBottomBracket": 689.0010686285115,
   "saddleTopY": 927.8176897100104,
   "seatTubeAngle": 73.99999992759895,
   "seatTubeCenterToTop": 481.0000045993756,
   "seatTubeTopCenterX": 618.04697,
   "seatTubeTopCenterY": 737.36688,
   "seatTubeTopToTopTubeCenter": 30,
   "seatpostSetback": 20,
   "stack": 544,
   "stemAngle": 12,
   "stemLength": 100.0000029215798,
   "stemStack": 40,
   "stemToHoodsAngle": -4.999999424974653,
   "topTubeCenterToCenter": 523.5213347793401,
   "topTubeHorizontal": 540.0000005967313,
   "trail": 58.85522851112955,
   "wheelBase": 977.9543699999999,
   "wheelRadius": 340
}
