{
   "backHubX": 340,
   "bottomBracketDrop": 72,
   "bottomBracketHeight": 264,
   "bottomBracketToFrontHub": 578.8109238448874,
   "bottomBracketX": 743.6285421027607,
   "bottomBracketY": 268,
   "chainStayLength": 410.00000000000006,
   "crankLength": 170,
   "forkLength": 373.53050206676903,
   "forkRake": 43.99999999999993,
   "frontHubX": 1317.9438610366822,
   "handlebarAndHoodsReach": 116.00000000000081,
   "handlebarBackX": 1192.3489581641627,
   "handlebarDiameter": 31.8,
   "handlebarTopY": 904.3591848954364,
   "headTubeAngle": 73.00000000000006,
   "headTubeBottomCenterX": 1165.5433508795647,
   "headTubeBottomCenterY": 687.9862484330641,
   "headTubeLength": 129.68015770458993,
   "headTubeTopCenterX": 1127.6285421027605,
   "headTubeTopCenterY": 812,
   "headTubeTopToTopTubeCenter": 30,
   "headsetBottomStack": 3.8079992747557867,
   "headsetSpacersStack": 29.99999999999997,
   "headsetTopStack": 10,
   "hoodsRestTopX": 1317.2533021753288,
   "hoodsRestTopY": 944.0335215212143,
   "hubY": 340,
   "name": "Aethos 54",
   "offsetX": 0,
   "offsetY": 4,
   "reach": 383.9999999999999,
   "saddleAngle": 0,
   "saddleBackX": 447.2112186768958,
   "saddleFrontToCenter": 150,
   "saddleLength": 235,
   "saddleStack": 40,
   "saddleTopToBottomBracket": 690.0004415544488,
   "saddleTopY": 924.8130058858286,
   "seatTubeAngle": 74.0979130254675,
   "seatTubeCenterToTop": 481,
   "seatTubeTopCenterX": 613.8315861960867,
   "seatTubeTopCenterY": 723.5927697600929,
   "seatTubeTopToTopTubeCenter": 30,
   "seatpostSetback": 16,
   "stack": 544,
   "stemAngle": 6,
   "stemLength": 99.99999999999987,
   "stemStack": 40,
   "stemToHoodsAngle": -20.00000000000001,
   "topTubeCenterToCenter": 521.9183867747936,
   "topTubeHorizontal": 538.9838994381151,
   "trail": 56.71507168467497,
   "wheelBase": 977.9438610366822,
   "wheelRadius": 340
}
