{
   "backHubX": 347,
   "bottomBracketDrop": 72,
   "bottomBracketHeight": 271,
   "bottomBracketToFrontHub": 578.8109249026857,
   "bottomBracketX": 750.62854,
   "bottomBracketY": 275,
   "chainStayLength": 409.9999979299166,
   "crankLength": 170,
   "forkLength": 370.01866,
   "forkRake": 43.99997648590608,
   "frontHubX": 1324.94386,
   "handlebarAndHoodsReach": 109.99999999999999,
   "handlebarBackX": 1210.7676512664088,
   "handlebarDiameter": 31.8,
   "handlebarTopY": 901.8654215136078,
   "headTubeAngle": 72.99999722757516,
   "headTubeBottomCenterX": 1174.68347,
   "headTubeBottomCenterY": 687.98625,
   "headTubeLength": 137.00000038820215,
   "headTubeTopCenterX": 1134.62854,
   "headTubeTopCenterY": 819,
   "headTubeTopToTopTubeCenter": 30,
   "headsetBottomStack": 0.0000010986726408646064,
   "headsetSpacersStack": 30.000000000000014,
   "headsetTopStack": 10,
   "hoodsRestTopX": 1336.2490680565008,
   "hoodsRestTopY": 911.4525532158501,
   "hubY": 347,
   "name": "Aethos 54",
   "offsetX": 7,
   "offsetY": 4,
   "reach": 383.9999999999999,
   "saddleAngle": 0,
   "saddleBackX": 443.6586819451719,
   "saddleFrontToCenter": 150,
   "saddleLength": 240,
   "saddleStack": 40,
   "saddleTopToBottomBracket": 690.0005172034847,
   "saddleTopY": 929.9998430814653,
   "seatTubeAngle": 73.99999992759895,
   "seatTubeCenterToTop": 481.0000045993756,
   "seatTubeTopCenterX": 618.04697,
   "seatTubeTopCenterY": 737.36688,
   "seatTubeTopToTopTubeCenter": 30,
   "seatpostSetback": 12,
   "stack": 544,
   "stemAngle": 12,
   "stemLength": 109.99999999999996,
   "stemStack": 40,
   "stemToHoodsAngle": -4.999999999999973,
   "topTubeCenterToCenter": 523.5109538122116,
   "topTubeHorizontal": 539.9894905967312,
   "trail": 58.855228511129326,
   "wheelBase": 977.9438600000001,
   "wheelRadius": 340
}
