{
   "backHubX": 340,
   "bottomBracketDrop": 72,
   "bottomBracketHeight": 264,
   "bottomBracketToFrontHub": 578.8109238448874,
   "bottomBracketX": 743.6285421027607,
   "bottomBracketY": 268,
   "chainStayLength": 410.00000000000006,
   "crankLength": 170,
   "forkLength": 370.01865904611475,
   "forkRake": 43.99999999999993,
   "frontHubX": 1317.9438610366822,
   "handlebarAndHoodsReach": 116,
   "handlebarBackX": 1202.1652299986395,
   "handlebarDiameter": 31.8,
   "handlebarTopY": 906.267274849202,
   "headTubeAngle": 73.00000000000006,
   "headTubeBottomCenterX": 1167.6834656497754,
   "headTubeBottomCenterY": 680.9862484330641,
   "headTubeLength": 136.99999999999997,
   "headTubeTopCenterX": 1127.6285421027605,
   "headTubeTopCenterY": 812,
   "headTubeTopToTopTubeCenter": 30,
   "headsetBottomStack": 2.842170943040401e-14,
   "headsetSpacersStack": 29.99999999999997,
   "headsetTopStack": 10,
   "hoodsRestTopX": 1327.069574009805,
   "hoodsRestTopY": 945.9416114749796,
   "hubY": 340,
   "name": "Aethos 54",
   "offsetX": 0,
   "offsetY": 4,
   "reach": 383.9999999999999,
   "saddleAngle": 0,
   "saddleBackX": 436.5718260617541,
   "saddleFrontToCenter": 150,
   "saddleLength": 240,
   "saddleStack": 40,
   "saddleTopToBottomBracket": 690.3153695411798,
   "saddleTopY": 923.3027479312669,
   "seatTubeAngle": 74,
   "seatTubeCenterToTop": 481,
   "seatTubeTopCenterX": 611.0469739547841,
   "seatTubeTopCenterY": 730.3668757463312,
   "seatTubeTopToTopTubeCenter": 30,
   "seatpostSetback": 12,
   "stack": 544,
   "stemAngle": 6,
   "stemLength": 110,
   "stemStack": 40,
   "stemToHoodsAngle": -20.000000000000018,
   "topTubeCenterToCenter": 523.5109512475846,
   "topTubeHorizontal": 539.9894898527914,
   "trail": 56.71507168467497,
   "wheelBase": 977.9438610366822,
   "wheelRadius": 340
}
