{
   "backHubX": 347,
   "bottomBracketDrop": 72,
   "bottomBracketHeight": 271,
   "bottomBracketToFrontHub": 578.8109249026857,
   "bottomBracketX": 750.62854,
   "bottomBracketY": 275,
   "chainStayLength": 409.9999979299166,
   "crankLength": 170,
   "forkLength": 370.01866,
   "forkRake": 43.99997648590697,
   "frontHubX": 1324.9543694032689,
   "handlebarAndHoodsReach": 110.00000000000021,
   "handlebarBackX": 1203.155187738904,
   "handlebarDiameter": 31.8,
   "handlebarTopY": 893.3434256695667,
   "headTubeAngle": 72.99999722757526,
   "headTubeBottomCenterX": 1174.6939794032685,
   "headTubeBottomCenterY": 687.98625,
   "headTubeLength": 137.00000038820207,
   "headTubeTopCenterX": 1134.6390494032687,
   "headTubeTopCenterY": 819,
   "headTubeTopToTopTubeCenter": 30,
   "headsetBottomStack": 0.0000010986726692863158,
   "headsetSpacersStack": 25.000000000000007,
   "headsetTopStack": 7,
   "hoodsRestTopX": 1328.6366045289963,
   "hoodsRestTopY": 902.9305573718091,
   "hubY": 347,
   "name": "Aethos 54",
   "offsetX": 7,
   "offsetY": 4,
   "reach": 384.01050940326866,
   "saddleAngle": 0,
   "saddleBackX": 432.6586819451719,
   "saddleFrontToCenter": 150,
   "saddleLength": 240,
   "saddleStack": 40,
   "saddleTopToBottomBracket": 693.5380671731601,
   "saddleTopY": 929.9998430814653,
   "seatTubeAngle": 73.99999992759895,
   "seatTubeCenterToTop": 481.0000045993756,
   "seatTubeTopCenterX": 618.04697,
   "seatTubeTopCenterY": 737.36688,
   "seatTubeTopToTopTubeCenter": 30,
   "seatpostSetback": 20,
   "stack": 544,
   "stemAngle": 12,
   "stemLength": 100.00000000000011,
   "stemStack": 40,
   "stemToHoodsAngle": -4.999999999999963,
   "topTubeCenterToCenter": 523.5213341899346,
   "topTubeHorizontal": 540,
   "trail": 58.85522851112796,
   "wheelBase": 977.9543694032689,
   "wheelRadius": 340
}
