{
   "backHubX": 340,
   "bottomBracketDrop": 65,
   "bottomBracketHeight": 271,
   "bottomBracketToFrontHub": 582.4855177956769,
   "bottomBracketX": 760,
   "bottomBracketY": 275,
   "chainStayLength": 425,
   "crankLength": 170,
   "forkLength": 403.6120516907623,
   "forkRake": 48.582716342283355,
   "frontHubX": 1338.8474569709172,
   "handlebarAndHoodsReach": 110.00000000000028,
   "handlebarBackX": 1190.94921740054,
   "handlebarDiameter": 31.8,
   "handlebarTopY": 907.7315251969429,
   "headTubeAngle": 72.49999999999997,
   "headTubeBottomCenterX": 1167.2356367951022,
   "headTubeBottomCenterY": 722.7208710236808,
   "headTubeLength": 102.00000000000003,
   "headTubeTopCenterX": 1136.5636452456663,
   "headTubeTopCenterY": 820,
   "headTubeTopToTopTubeCenter": 30,
   "headsetBottomStack": 12.999999999999972,
   "headsetSpacersStack": 27.999999999999993,
   "headsetTopStack": 15,
   "hoodsRestTopX": 1316.744521769082,
   "hoodsRestTopY": 912.5296579322445,
   "hubY": 340,
   "name": "Bianchi San Jose",
   "offsetX": 0,
   "offsetY": 4,
   "reach": 376.5636452456663,
   "saddleAngle": 0,
   "saddleBackX": 455.1650288709152,
   "saddleFrontToCenter": 120,
   "saddleLength": 240,
   "saddleStack": 40,
   "saddleTopToBottomBracket": 689.7312292324839,
   "saddleTopY": 939.503726119172,
   "seatTubeAngle": 73.5,
   "seatTubeCenterToTop": 520,
   "seatTubeTopCenterX": 612.3120207539603,
   "seatTubeTopCenterY": 773.5862621314604,
   "seatTubeTopToTopTubeCenter": 30,
   "seatpostSetback": 16,
   "stack": 545,
   "stemAngle": 10,
   "stemLength": 90.00000000000004,
   "stemStack": 40,
   "stemToHoodsAngle": -2.5000000652306205,
   "topTubeCenterToCenter": 526.8144694609941,
   "topTubeHorizontal": 538,
   "trail": 55.00000000000023,
   "wheelBase": 998.8474569709172,
   "wheelRadius": 340
}
