{
   "backHubX": 340,
   "bottomBracketDrop": 72,
   "bottomBracketHeight": 264,
   "bottomBracketToFrontHub": 580.330025235502,
   "bottomBracketX": 744.81477,
   "bottomBracketY": 268,
   "chainStayLength": 411.16784651788237,
   "crankLength": 170,
   "forkLength": 372.06979,
   "forkRake": 45.99997674173426,
   "frontHubX": 1320.66105,
   "handlebarAndHoodsReach": 116.00000000000017,
   "handlebarBackX": 1188.06066,
   "handlebarDiameter": 31.8,
   "handlebarTopY": 903.78211,
   "headTubeAngle": 72.49999697412905,
   "headTubeBottomCenterX": 1164.90653,
   "headTubeBottomCenterY": 681.0168,
   "headTubeLength": 129.99999839283691,
   "headTubeTopCenterX": 1125.81477,
   "headTubeTopCenterY": 805,
   "headTubeTopToTopTubeCenter": 30,
   "headsetBottomStack": 0.0000025422463636459725,
   "headsetSpacersStack": 29.99999243505819,
   "headsetTopStack": 16,
   "hoodsRestTopX": 1312.9650035456518,
   "hoodsRestTopY": 943.4564479047663,
   "hubY": 340,
   "name": "break away small",
   "offsetX": 0,
   "offsetY": 4,
   "reach": 381,
   "saddleAngle": 0,
   "saddleBackX": 437.2141167649265,
   "saddleFrontToCenter": 150,
   "saddleLength": 240,
   "saddleStack": 40,
   "saddleTopToBottomBracket": 689.6817395659228,
   "saddleTopY": 922.4546260836933,
   "seatTubeAngle": 74.00000014195288,
   "seatTubeCenterToTop": 495.0000001794461,
   "seatTubeTopCenterX": 608.37428,
   "seatTubeTopCenterY": 743.82454,
   "seatTubeTopToTopTubeCenter": 30,
   "seatpostSetback": 20,
   "stack": 537,
   "stemAngle": 6,
   "stemLength": 100.00000449779294,
   "stemStack": 40,
   "stemToHoodsAngle": -20.000000672272765,
   "topTubeCenterToCenter": 521.8176836561953,
   "topTubeHorizontal": 534.9822707126455,
   "trail": 57.708096399383294,
   "wheelBase": 980.6610499999999,
   "wheelRadius": 340
}
