{
   "backHubX": 340,
   "bottomBracketDrop": 72,
   "bottomBracketHeight": 264,
   "bottomBracketToFrontHub": 580.3300218470904,
   "bottomBracketX": 744.8147724577254,
   "bottomBracketY": 268,
   "chainStayLength": 411.1678489376328,
   "crankLength": 170,
   "forkLength": 372.06978747891026,
   "forkRake": 46.000000000000355,
   "frontHubX": 1320.6610490429305,
   "handlebarAndHoodsReach": 116.00000000000001,
   "handlebarBackX": 1188.0606601525265,
   "handlebarDiameter": 31.8,
   "handlebarTopY": 903.7821121911029,
   "headTubeAngle": 72.5,
   "headTubeBottomCenterX": 1164.906526393281,
   "headTubeBottomCenterY": 681.0167964027305,
   "headTubeLength": 130,
   "headTubeTopCenterX": 1125.8147724577254,
   "headTubeTopCenterY": 805,
   "headTubeTopToTopTubeCenter": 30,
   "headsetBottomStack": 1.1368683772161603e-13,
   "headsetSpacersStack": 30.000000000000142,
   "headsetTopStack": 16,
   "hoodsRestTopX": 1312.965004163692,
   "hoodsRestTopY": 943.4564488168803,
   "hubY": 340,
   "name": "break away small",
   "offsetX": 0,
   "offsetY": 4,
   "reach": 381,
   "saddleAngle": 0,
   "saddleBackX": 427.93881567893146,
   "saddleFrontToCenter": 150,
   "saddleLength": 240,
   "saddleStack": 40,
   "saddleTopToBottomBracket": 690.0751563379381,
   "saddleTopY": 919.7139108769557,
   "seatTubeAngle": 74,
   "seatTubeCenterToTop": 495,
   "seatTubeTopCenterX": 608.3742813283109,
   "seatTubeTopCenterY": 743.8245394894677,
   "seatTubeTopToTopTubeCenter": 30,
   "seatpostSetback": 15,
   "stack": 537,
   "stemAngle": 6,
   "stemLength": 100.0000000000003,
   "stemStack": 40,
   "stemToHoodsAngle": -19.999999999999915,
   "topTubeCenterToCenter": 521.8176832078991,
   "topTubeHorizontal": 534.9822721524798,
   "trail": 57.70805330686085,
   "wheelBase": 980.6610490429305,
   "wheelRadius": 340
}
