{
   "backHubX": 348,
   "bottomBracketDrop": 72,
   "bottomBracketHeight": 272,
   "bottomBracketToFrontHub": 580.330025235502,
   "bottomBracketX": 752.81477,
   "bottomBracketY": 276,
   "chainStayLength": 411.16784651788237,
   "crankLength": 170,
   "forkLength": 372.06979,
   "forkRake": 45.99997674173426,
   "frontHubX": 1328.66105,
   "handlebarAndHoodsReach": 109.6392494860785,
   "handlebarBackX": 1196.06066,
   "handlebarDiameter": 31.8,
   "handlebarTopY": 911.78211,
   "headTubeAngle": 72.49999697412905,
   "headTubeBottomCenterX": 1172.90653,
   "headTubeBottomCenterY": 689.0168,
   "headTubeLength": 129.99999839283691,
   "headTubeTopCenterX": 1133.81477,
   "headTubeTopCenterY": 813,
   "headTubeTopToTopTubeCenter": 30,
   "headsetBottomStack": 0.0000025422463636459725,
   "headsetSpacersStack": 29.99999243505819,
   "headsetTopStack": 16,
   "hoodsRestTopX": 1320.9650035456518,
   "hoodsRestTopY": 900,
   "hubY": 348,
   "name": "break away small",
   "offsetX": 8,
   "offsetY": 4,
   "reach": 381,
   "saddleAngle": 0,
   "saddleBackX": 437.2141167649265,
   "saddleFrontToCenter": 150,
   "saddleLength": 240,
   "saddleStack": 40,
   "saddleTopToBottomBracket": 692.2474357788828,
   "saddleTopY": 930.4546260836933,
   "seatTubeAngle": 74.00000014195288,
   "seatTubeCenterToTop": 495.0000001794461,
   "seatTubeTopCenterX": 616.37428,
   "seatTubeTopCenterY": 751.82454,
   "seatTubeTopToTopTubeCenter": 30,
   "seatpostSetback": 20,
   "stack": 537,
   "stemAngle": 6,
   "stemLength": 100.00000449779294,
   "stemStack": 40,
   "stemToHoodsAngle": 6.169061498715182,
   "topTubeCenterToCenter": 521.8176836561953,
   "topTubeHorizontal": 534.9822707126455,
   "trail": 60.230487174907694,
   "wheelBase": 980.6610499999999,
   "wheelRadius": 340
}
