{
   "backHubX": 347,
   "bottomBracketDrop": 74,
   "bottomBracketHeight": 269,
   "bottomBracketToFrontHub": 599.9453206370114,
   "bottomBracketX": 765.85678,
   "bottomBracketY": 273,
   "chainStayLength": 425.34339321537414,
   "crankLength": 170,
   "forkLength": 401.48159,
   "forkRake": 49.99999541620435,
   "frontHubX": 1361.22086,
   "handlebarAndHoodsReach": 110.00000698652927,
   "handlebarBackX": 1207.3503216149463,
   "handlebarDiameter": 31.8,
   "handlebarTopY": 887.6698325646563,
   "headTubeAngle": 71.24999851353984,
   "headTubeBottomCenterX": 1184.82232,
   "headTubeBottomCenterY": 711.10304,
   "headTubeLength": 114.99999584666602,
   "headTubeTopCenterX": 1147.85678,
   "headTubeTopCenterY": 820,
   "headTubeTopToTopTubeCenter": 30,
   "headsetBottomStack": 0.000002491801183168718,
   "headsetSpacersStack": 15.000004440065823,
   "headsetTopStack": 8.5,
   "hoodsRestTopX": 1333.0734116149463,
   "hoodsRestTopY": 893.9060525646563,
   "hubY": 347,
   "name": "Crux 52",
   "offsetX": 7,
   "offsetY": 4,
   "reach": 382.0000000000001,
   "saddleAngle": 0,
   "saddleBackX": 448.18322,
   "saddleFrontToCenter": 150,
   "saddleLength": 240,
   "saddleStack": 40,
   "saddleTopToBottomBracket": 689.6714849319192,
   "saddleTopY": 924.00807,
   "seatTubeAngle": 73.99999979405507,
   "seatTubeCenterToTop": 495.9999992780412,
   "seatTubeTopCenterX": 629.14065,
   "seatTubeTopCenterY": 749.7858,
   "seatTubeTopToTopTubeCenter": 30,
   "seatpostSetback": 20,
   "stack": 547,
   "stemAngle": 12,
   "stemLength": 89.99999999999997,
   "stemStack": 40,
   "stemToHoodsAngle": -3.250006767589255,
   "topTubeCenterToCenter": 524.8660832490058,
   "topTubeHorizontal": 538.8497281378766,
   "trail": 63.63061884191393,
   "wheelBase": 1014.2208599999999,
   "wheelRadius": 340
}
