{
   "backHubX": 347,
   "bottomBracketDrop": 74,
   "bottomBracketHeight": 269,
   "bottomBracketToFrontHub": 594.6172808020375,
   "bottomBracketX": 765.85678,
   "bottomBracketY": 273,
   "chainStayLength": 425.34339321537414,
   "crankLength": 170,
   "forkLength": 395.46653,
   "forkRake": 44.915545504803596,
   "frontHubX": 1355.85145,
   "handlebarAndHoodsReach": 110.00000698652929,
   "handlebarBackX": 1215.5083944248001,
   "handlebarDiameter": 31.8,
   "handlebarTopY": 899.1612053045225,
   "headTubeAngle": 71.2499991981247,
   "headTubeBottomCenterX": 1184.14341,
   "headTubeBottomCenterY": 713.10304,
   "headTubeLength": 112.88790712028678,
   "headTubeTopCenterX": 1147.85678,
   "headTubeTopCenterY": 820,
   "headTubeTopToTopTubeCenter": 30,
   "headsetBottomStack": 6.401210270215202,
   "headsetSpacersStack": 15.00000000000005,
   "headsetTopStack": 8.5,
   "hoodsRestTopX": 1341.2314844248,
   "hoodsRestTopY": 905.3974253045228,
   "hubY": 347,
   "name": "Crux 52",
   "offsetX": 7,
   "offsetY": 4,
   "reach": 382.0000000000001,
   "saddleAngle": 0,
   "saddleBackX": 444.18321922049205,
   "saddleFrontToCenter": 150,
   "saddleLength": 240,
   "saddleStack": 40,
   "saddleTopToBottomBracket": 691.0022747185577,
   "saddleTopY": 924.0080682310817,
   "seatTubeAngle": 73.99999979405507,
   "seatTubeCenterToTop": 495.9999992780412,
   "seatTubeTopCenterX": 629.14065,
   "seatTubeTopCenterY": 749.7858,
   "seatTubeTopToTopTubeCenter": 30,
   "seatpostSetback": 20,
   "stack": 547,
   "stemAngle": 6,
   "stemLength": 100.00000000000007,
   "stemStack": 40,
   "stemToHoodsAngle": -3.2500067675894324,
   "topTubeCenterToCenter": 524.8660828971614,
   "topTubeHorizontal": 538.8497281378766,
   "trail": 69.00001796867446,
   "wheelBase": 1008.8514500000001,
   "wheelRadius": 340
}{
   "backHubX": 347,
   "bottomBracketDrop": 74,
   "bottomBracketHeight": 269,
   "bottomBracketToFrontHub": 594.6172808020375,
   "bottomBracketX": 765.85678,
   "bottomBracketY": 273,
   "chainStayLength": 425.34339321537414,
   "crankLength": 170,
   "forkLength": 395.46653,
   "forkRake": 44.915545504803596,
   "frontHubX": 1355.85145,
   "handlebarAndHoodsReach": 110.00000698652929,
   "handlebarBackX": 1215.5083944248001,
   "handlebarDiameter": 31.8,
   "handlebarTopY": 899.1612053045225,
   "headTubeAngle": 71.2499991981247,
   "headTubeBottomCenterX": 1184.14341,
   "headTubeBottomCenterY": 713.10304,
   "headTubeLength": 112.88790712028678,
   "headTubeTopCenterX": 1147.85678,
   "headTubeTopCenterY": 820,
   "headTubeTopToTopTubeCenter": 30,
   "headsetBottomStack": 6.401210270215202,
   "headsetSpacersStack": 15.00000000000005,
   "headsetTopStack": 8.5,
   "hoodsRestTopX": 1341.2314844248,
   "hoodsRestTopY": 905.3974253045228,
   "hubY": 347,
   "name": "Crux 52",
   "offsetX": 7,
   "offsetY": 4,
   "reach": 382.0000000000001,
   "saddleAngle": 0,
   "saddleBackX": 444.18321922049205,
   "saddleFrontToCenter": 150,
   "saddleLength": 240,
   "saddleStack": 40,
   "saddleTopToBottomBracket": 691.0022747185577,
   "saddleTopY": 924.0080682310817,
   "seatTubeAngle": 73.99999979405507,
   "seatTubeCenterToTop": 495.9999992780412,
   "seatTubeTopCenterX": 629.14065,
   "seatTubeTopCenterY": 749.7858,
   "seatTubeTopToTopTubeCenter": 30,
   "seatpostSetback": 20,
   "stack": 547,
   "stemAngle": 6,
   "stemLength": 100.00000000000007,
   "stemStack": 40,
   "stemToHoodsAngle": -3.2500067675894324,
   "topTubeCenterToCenter": 524.8660828971614,
   "topTubeHorizontal": 538.8497281378766,
   "trail": 69.00001796867446,
   "wheelBase": 1008.8514500000001,
   "wheelRadius": 340
}
