{
   "backHubX": 347,
   "bottomBracketDrop": 74,
   "bottomBracketHeight": 269,
   "bottomBracketToFrontHub": 594.617285993874,
   "bottomBracketX": 765.8567774311405,
   "bottomBracketY": 273,
   "chainStayLength": 425.3433906856905,
   "crankLength": 170,
   "forkLength": 395.46653363425094,
   "forkRake": 44.91555766381951,
   "frontHubX": 1355.8514526636552,
   "handlebarAndHoodsReach": 110.00000000000033,
   "handlebarBackX": 1215.5083927413039,
   "handlebarDiameter": 31.8,
   "handlebarTopY": 899.1612041351876,
   "headTubeAngle": 71.2499999999997,
   "headTubeBottomCenterX": 1184.143407423278,
   "headTubeBottomCenterY": 713.1030351080628,
   "headTubeLength": 112.88791175008215,
   "headTubeTopCenterX": 1147.8567774311405,
   "headTubeTopCenterY": 820,
   "headTubeTopToTopTubeCenter": 30,
   "headsetBottomStack": 6.40120305949641,
   "headsetSpacersStack": 15.00000000000005,
   "headsetTopStack": 8.5,
   "hoodsRestTopX": 1341.2314762008552,
   "hoodsRestTopY": 905.3974160812719,
   "hubY": 347,
   "name": "Crux 52",
   "offsetX": 7,
   "offsetY": 4,
   "reach": 382,
   "saddleAngle": 0,
   "saddleBackX": 447.66685851867635,
   "saddleFrontToCenter": 150,
   "saddleLength": 240,
   "saddleStack": 40,
   "saddleTopToBottomBracket": 701.4265090359957,
   "saddleTopY": 936.2710671250079,
   "seatTubeAngle": 73.99999992759895,
   "seatTubeCenterToTop": 496,
   "seatTubeTopCenterX": 629.1406483434248,
   "seatTubeTopCenterY": 749.7858010126467,
   "seatTubeTopToTopTubeCenter": 30,
   "seatpostSetback": 20,
   "stack": 547,
   "stemAngle": 6,
   "stemLength": 100.00000000000003,
   "stemStack": 40,
   "stemToHoodsAngle": -3.2500027724247116,
   "topTubeCenterToCenter": 524.8660815139524,
   "topTubeHorizontal": 538.8497267581105,
   "trail": 69.00000000000477,
   "wheelBase": 1008.8514526636552,
   "wheelRadius": 340
}
