{
   "backHubX": 347,
   "bottomBracketDrop": 74,
   "bottomBracketHeight": 269,
   "bottomBracketToFrontHub": 594.6172808020375,
   "bottomBracketX": 765.85678,
   "bottomBracketY": 273,
   "chainStayLength": 425.34339321537414,
   "crankLength": 170,
   "forkLength": 401.4815872022516,
   "forkRake": 50.00000000000006,
   "frontHubX": 1361.220858323782,
   "handlebarAndHoodsReach": 110.00000698652927,
   "handlebarBackX": 1215.50839,
   "handlebarDiameter": 31.8,
   "handlebarTopY": 899.16121,
   "headTubeAngle": 71.24999919812477,
   "headTubeBottomCenterX": 1184.8223200339162,
   "headTubeBottomCenterY": 711.103035625409,
   "headTubeLength": 114.99999999999997,
   "headTubeTopCenterX": 1147.85678,
   "headTubeTopCenterY": 820,
   "headTubeTopToTopTubeCenter": 30,
   "headsetBottomStack": 2.842170943040401e-14,
   "headsetSpacersStack": 15.000005586845496,
   "headsetTopStack": 8.5,
   "hoodsRestTopX": 1341.23148,
   "hoodsRestTopY": 905.39743,
   "hubY": 347,
   "name": "Crux 52",
   "offsetX": 7,
   "offsetY": 4,
   "reach": 382.0000000000001,
   "saddleAngle": 0,
   "saddleBackX": 444.18322,
   "saddleFrontToCenter": 150,
   "saddleLength": 240,
   "saddleStack": 40,
   "saddleTopToBottomBracket": 691.0022761237466,
   "saddleTopY": 924.00807,
   "seatTubeAngle": 73.99999979405507,
   "seatTubeCenterToTop": 495.9999992780412,
   "seatTubeTopCenterX": 629.14065,
   "seatTubeTopCenterY": 749.7858,
   "seatTubeTopToTopTubeCenter": 30,
   "seatpostSetback": 20,
   "stack": 547,
   "stemAngle": 6,
   "stemLength": 99.99999730456933,
   "stemStack": 40,
   "stemToHoodsAngle": -3.250006767589255,
   "topTubeCenterToCenter": 524.8660828971614,
   "topTubeHorizontal": 538.8497281378766,
   "trail": 63.63060964489114,
   "wheelBase": 1014.2208583237821,
   "wheelRadius": 340
}
