{
   "backHubX": 340,
   "bottomBracketDrop": 75,
   "bottomBracketHeight": 261,
   "bottomBracketToFrontHub": 606.2039588371742,
   "bottomBracketX": 781.6774841442566,
   "bottomBracketY": 265,
   "chainStayLength": 448.00000000000006,
   "crankLength": 170,
   "forkLength": 392.90011342574,
   "forkRake": 51.71426678604636,
   "frontHubX": 1383.2240240809954,
   "handlebarAndHoodsReach": 116.00000000000026,
   "handlebarBackX": 1227.447445989065,
   "handlebarDiameter": 31.8,
   "handlebarTopY": 908.7606627023655,
   "headTubeAngle": 71.00000000000007,
   "headTubeBottomCenterX": 1202.8848665405442,
   "headTubeBottomCenterY": 704.899806538099,
   "headTubeLength": 145,
   "headTubeTopCenterX": 1155.6774841442566,
   "headTubeTopCenterY": 842,
   "headTubeTopToTopTubeCenter": 30,
   "headsetBottomStack": 10.832118585432738,
   "headsetSpacersStack": 1.0658141036401503e-13,
   "headsetTopStack": 9.999999999999613,
   "hoodsRestTopX": 1359.2767819232804,
   "hoodsRestTopY": 912.8090043198561,
   "hubY": 340,
   "name": "honey all roads",
   "offsetX": 0,
   "offsetY": 4,
   "reach": 374,
   "saddleAngle": 0,
   "saddleBackX": 467.2830046502592,
   "saddleFrontToCenter": 150,
   "saddleLength": 280,
   "saddleStack": 40,
   "saddleTopToBottomBracket": 690,
   "saddleTopY": 929.9050127139499,
   "seatTubeAngle": 74.5,
   "seatTubeCenterToTop": 440,
   "seatTubeTopCenterX": 666.8658441104219,
   "seatTubeTopCenterY": 678.9973994117943,
   "seatTubeTopToTopTubeCenter": 30,
   "seatpostSetback": 25,
   "stack": 577,
   "stemAngle": 6,
   "stemLength": 99.99999999999946,
   "stemStack": 40,
   "stemToHoodsAngle": -2.000000000000219,
   "topTubeCenterToCenter": 517.1053065488393,
   "topTubeHorizontal": 534.0162619225268,
   "trail": 60.99999999999977,
   "wheelBase": 1043.2240240809954,
   "wheelRadius": 340
}