{
   "backHubX": 340,
   "bottomBracketDrop": 70,
   "bottomBracketHeight": 266,
   "bottomBracketToFrontHub": 608.5159351403796,
   "bottomBracketX": 749.053786194432,
   "bottomBracketY": 270,
   "chainStayLength": 415.00000000000006,
   "crankLength": 172.5,
   "forkLength": 369.81238081894384,
   "forkRake": 46.10905337838623,
   "frontHubX": 1339.1589792199368,
   "handlebarAndHoodsReach": 116.00000000000024,
   "handlebarBackX": 1203.7180833976229,
   "handlebarDiameter": 31.8,
   "handlebarTopY": 912.2646126505704,
   "headTubeAngle": 73.50000000000007,
   "headTubeBottomCenterX": 1188.4962413470594,
   "headTubeBottomCenterY": 686.2818289129021,
   "headTubeLength": 159.99999999999994,
   "headTubeTopCenterX": 1143.053786194432,
   "headTubeTopCenterY": 839.692986491813,
   "headTubeTopToTopTubeCenter": 30,
   "headsetBottomStack": 5,
   "headsetSpacersStack": 12.000000000000092,
   "headsetTopStack": 10,
   "hoodsRestTopX": 1335.6004160357645,
   "hoodsRestTopY": 914.2890917972953,
   "hubY": 340,
   "name": "road logic disc 55",
   "offsetX": 0,
   "offsetY": 4,
   "reach": 394,
   "saddleAngle": 0,
   "saddleBackX": 411.72258456056846,
   "saddleFrontToCenter": 150,
   "saddleLength": 280,
   "saddleStack": 40,
   "saddleTopToBottomBracket": 730.0000000000001,
   "saddleTopY": 969.938406453781,
   "seatTubeAngle": 73.5,
   "seatTubeCenterToTop": 525,
   "seatTubeTopCenterX": 589.5567275937747,
   "seatTubeTopCenterY": 808.4530459055394,
   "seatTubeTopToTopTubeCenter": 30,
   "seatpostSetback": 25,
   "stack": 569.692986491813,
   "stemAngle": 6,
   "stemLength": 90,
   "stemStack": 40,
   "stemToHoodsAngle": -1.0000000000000322,
   "topTubeCenterToCenter": 554.3779647202919,
   "topTubeHorizontal": 562.7507505841252,
   "trail": 51.4383472185325,
   "wheelBase": 999.1589792199368,
   "wheelRadius": 340
}