{
   "backHubX": 340,
   "bottomBracketDrop": 70,
   "bottomBracketHeight": 266,
   "bottomBracketToFrontHub": 594.2424886062389,
   "bottomBracketX": 749.05379,
   "bottomBracketY": 270,
   "chainStayLength": 415.0000037510411,
   "crankLength": 172.5,
   "forkLength": 369.81238,
   "forkRake": 46.04509162265621,
   "frontHubX": 1339.341503772237,
   "handlebarAndHoodsReach": 116.00000737562918,
   "handlebarBackX": 1203.900603772237,
   "handlebarDiameter": 31.8,
   "handlebarTopY": 912.4898678231351,
   "headTubeAngle": 73.50000201540318,
   "headTubeBottomCenterX": 1188.7401058673026,
   "headTubeBottomCenterY": 686.3000003540207,
   "headTubeLength": 160.2159825064687,
   "headTubeTopCenterX": 1143.2363137722368,
   "headTubeTopCenterY": 839.9182478231352,
   "headTubeTopToTopTubeCenter": 30,
   "headsetBottomStack": 5.000000843504523,
   "headsetSpacersStack": 11.999998258871337,
   "headsetTopStack": 10,
   "hoodsRestTopX": 1328.8049547142268,
   "hoodsRestTopY": 952.1642069715265,
   "hubY": 340,
   "name": "road logic disc 55",
   "offsetX": 0,
   "offsetY": 4,
   "reach": 394.1825237722368,
   "saddleAngle": 0,
   "saddleBackX": 411.72258,
   "saddleFrontToCenter": 150,
   "saddleLength": 280,
   "saddleStack": 40,
   "saddleTopToBottomBracket": 730.000005776296,
   "saddleTopY": 969.93841,
   "seatTubeAngle": 73.49999998175487,
   "seatTubeCenterToTop": 525,
   "seatTubeTopCenterX": 599.9457338701454,
   "seatTubeTopCenterY": 773.3803607583197,
   "seatTubeTopToTopTubeCenter": 30,
   "seatpostSetback": 25,
   "stack": 569.9182478231352,
   "stemAngle": 6,
   "stemLength": 89.99999014381083,
   "stemStack": 40,
   "stemToHoodsAngle": -20,
   "topTubeCenterToCenter": 547.349927811992,
   "topTubeHorizontal": 562.9999999999999,
   "trail": 51.5050437065338,
   "wheelBase": 999.341503772237,
   "wheelRadius": 340
}
