{
   "backHubX": 340,
   "bottomBracketDrop": 65,
   "bottomBracketHeight": 271,
   "bottomBracketToFrontHub": 609.9952586269608,
   "bottomBracketX": 759.1956583744636,
   "bottomBracketY": 275,
   "chainStayLength": 424.2051390542081,
   "crankLength": 170,
   "forkLength": 390.1176980934341,
   "forkRake": 40.13078662108,
   "frontHubX": 1366.6113345132953,
   "handlebarAndHoodsReach": 116.00000000000024,
   "handlebarBackX": 1183.9498594377962,
   "handlebarDiameter": 31.8,
   "handlebarTopY": 930.6431687132078,
   "headTubeAngle": 70.00000000000007,
   "headTubeBottomCenterX": 1190.3423172934517,
   "headTubeBottomCenterY": 706.96057405626,
   "headTubeLength": 132,
   "headTubeTopCenterX": 1145.1956583744636,
   "headTubeTopCenterY": 831,
   "headTubeTopToTopTubeCenter": 30,
   "headsetBottomStack": 15,
   "headsetSpacersStack": 29.999999999999936,
   "headsetTopStack": 9.999999999999936,
   "hoodsRestTopX": 1315.7791953720116,
   "hoodsRestTopY": 934.691510330698,
   "hubY": 340,
   "name": "rodeo 54",
   "offsetX": 0,
   "offsetY": 4,
   "reach": 386,
   "saddleAngle": 0,
   "saddleBackX": 439.00588286073423,
   "saddleFrontToCenter": 150,
   "saddleLength": 280,
   "saddleStack": 40,
   "saddleTopToBottomBracket": 690,
   "saddleTopY": 938.2705701974401,
   "seatTubeAngle": 74,
   "seatTubeCenterToTop": 508,
   "seatTubeTopCenterX": 619.1718816194281,
   "seatTubeTopCenterY": 763.3209415366659,
   "seatTubeTopToTopTubeCenter": 30,
   "seatpostSetback": 25,
   "stack": 556,
   "stemAngle": 0,
   "stemLength": 80,
   "stemStack": 40,
   "stemToHoodsAngle": -1.9999999999999944,
   "topTubeCenterToCenter": 532.4176700048109,
   "topTubeHorizontal": 545.4304344818972,
   "trail": 79.58770759931645,
   "wheelBase": 1026.6113345132953,
   "wheelRadius": 340
}
