{
   "backHubX": 340,
   "bottomBracketDrop": 65,
   "bottomBracketHeight": 271,
   "bottomBracketToFrontHub": 609.9952586269608,
   "bottomBracketX": 759.1956583744636,
   "bottomBracketY": 275,
   "chainStayLength": 424.2051390542081,
   "crankLength": 170,
   "forkLength": 390.1176980934341,
   "forkRake": 40.13078662108,
   "frontHubX": 1366.6113345132953,
   "handlebarAndHoodsReach": 116.00000000000027,
   "handlebarBackX": 1195.0568863622839,
   "handlebarDiameter": 31.8,
   "handlebarTopY": 929.3649070425352,
   "headTubeAngle": 70.00000000000007,
   "headTubeBottomCenterX": 1190.3423172934517,
   "headTubeBottomCenterY": 706.96057405626,
   "headTubeLength": 132,
   "headTubeTopCenterX": 1145.1956583744636,
   "headTubeTopCenterY": 831,
   "headTubeTopToTopTubeCenter": 30,
   "headsetBottomStack": 15,
   "headsetSpacersStack": 25.00000000000003,
   "headsetTopStack": 9.999999999999936,
   "hoodsRestTopX": 1319.9612303734496,
   "hoodsRestTopY": 969.0392436683127,
   "hubY": 340,
   "name": "rodeo 54",
   "offsetX": 0,
   "offsetY": 4,
   "reach": 386,
   "saddleAngle": 0,
   "saddleBackX": 442.3353574806114,
   "saddleFrontToCenter": 150,
   "saddleLength": 240,
   "saddleStack": 40,
   "saddleTopToBottomBracket": 690.0184457331552,
   "saddleTopY": 926.6593123176788,
   "seatTubeAngle": 74,
   "seatTubeCenterToTop": 508,
   "seatTubeTopCenterX": 619.1718816194281,
   "seatTubeTopCenterY": 763.3209415366659,
   "seatTubeTopToTopTubeCenter": 30,
   "seatpostSetback": 16,
   "stack": 556,
   "stemAngle": 0,
   "stemLength": 90.00000000000034,
   "stemStack": 40,
   "stemToHoodsAngle": -19.99999999999993,
   "topTubeCenterToCenter": 532.4176700048109,
   "topTubeHorizontal": 545.4304344818972,
   "trail": 79.58770759931645,
   "wheelBase": 1026.6113345132953,
   "wheelRadius": 340
}
