{
   "backHubX": 340,
   "bottomBracketDrop": 65,
   "bottomBracketHeight": 271,
   "bottomBracketToFrontHub": 610.8836191628884,
   "bottomBracketX": 759.19566,
   "bottomBracketY": 275,
   "chainStayLength": 424.2051406605483,
   "crankLength": 170,
   "forkLength": 390.1177,
   "forkRake": 40.13078236414141,
   "frontHubX": 1366.61133,
   "handlebarAndHoodsReach": 109.99999308738623,
   "handlebarBackX": 1209.16934,
   "handlebarDiameter": 31.8,
   "handlebarTopY": 913.4401,
   "headTubeAngle": 70.00000016125463,
   "headTubeBottomCenterX": 1190.34232,
   "headTubeBottomCenterY": 706.96057,
   "headTubeLength": 132.00000418136545,
   "headTubeTopCenterX": 1145.19566,
   "headTubeTopCenterY": 831,
   "headTubeTopToTopTubeCenter": 30,
   "headsetBottomStack": 14.999991699519512,
   "headsetSpacersStack": 26.000003269199745,
   "headsetTopStack": 10,
   "hoodsRestTopX": 1334.65075,
   "hoodsRestTopY": 923.02723,
   "hubY": 340,
   "name": "rodeo 54",
   "offsetX": 0,
   "offsetY": 4,
   "reach": 386.0000000000001,
   "saddleAngle": 0,
   "saddleBackX": 440.33989,
   "saddleFrontToCenter": 150,
   "saddleLength": 240,
   "saddleStack": 40,
   "saddleTopToBottomBracket": 690.6621565965106,
   "saddleTopY": 926.6435,
   "seatTubeAngle": 73.99999960041579,
   "seatTubeCenterToTop": 507.9999994172952,
   "seatTubeTopCenterX": 619.17188,
   "seatTubeTopCenterY": 763.32094,
   "seatTubeTopToTopTubeCenter": 30,
   "seatpostSetback": 25,
   "stack": 556,
   "stemAngle": 12,
   "stemLength": 100.00000210341071,
   "stemStack": 40,
   "stemToHoodsAngle": -4.999999424974653,
   "topTubeCenterToCenter": 532.4176731309016,
   "topTubeHorizontal": 545.4304386783004,
   "trail": 79.58771110228304,
   "wheelBase": 1026.61133,
   "wheelRadius": 340
}
