{
   "backHubX": 340,
   "bottomBracketDrop": 72,
   "bottomBracketHeight": 264,
   "bottomBracketToFrontHub": 581.3310671917967,
   "bottomBracketX": 753.92753,
   "bottomBracketY": 268,
   "chainStayLength": 420.1428329650536,
   "crankLength": 170,
   "forkLength": 381.0000034966147,
   "forkRake": 44.99999999999993,
   "frontHubX": 1330.7826438682396,
   "handlebarAndHoodsReach": 116.00000608957339,
   "handlebarBackX": 1185.9123406998726,
   "handlebarDiameter": 31.8,
   "handlebarTopY": 912.9601444882678,
   "headTubeAngle": 71.49999999999999,
   "headTubeBottomCenterX": 1162.2670917237235,
   "headTubeBottomCenterY": 701.8203579786353,
   "headTubeLength": 133.05546194977993,
   "headTubeTopCenterX": 1120.0479740869278,
   "headTubeTopCenterY": 828,
   "headTubeTopToTopTubeCenter": 30,
   "headsetBottomStack": 15.593570281830324,
   "headsetSpacersStack": 20.000000606330083,
   "headsetTopStack": 10,
   "hoodsRestTopX": 1311.817889466819,
   "hoodsRestTopY": 949.7674895876369,
   "hubY": 340,
   "name": "Strael 51T",
   "offsetX": 0,
   "offsetY": 4,
   "reach": 366.1204440869277,
   "saddleAngle": 0,
   "saddleBackX": 473.7326707397542,
   "saddleFrontToCenter": 150,
   "saddleLength": 240,
   "saddleStack": 40,
   "saddleTopToBottomBracket": 690.0184436050089,
   "saddleTopY": 931.2882993284701,
   "seatTubeAngle": 74,
   "seatTubeCenterToTop": 514,
   "seatTubeTopCenterX": 612.2499291100625,
   "seatTubeTopCenterY": 762.0885117122959,
   "seatTubeTopToTopTubeCenter": 30,
   "seatpostSetback": 16,
   "stack": 560,
   "stemAngle": 6,
   "stemLength": 99.99999888722037,
   "stemStack": 40,
   "stemToHoodsAngle": -18.500001575100477,
   "topTubeCenterToCenter": 513.3474187425861,
   "topTubeHorizontal": 526.6978601118601,
   "trail": 64.9718734883968,
   "wheelBase": 990.7826438682396,
   "wheelRadius": 340
}
