{
   "backHubX": 340,
   "bottomBracketDrop": 71.89914891140154,
   "bottomBracketHeight": 264.10085108859846,
   "bottomBracketToFrontHub": 583.2446135960034,
   "bottomBracketX": 753.1386115891567,
   "bottomBracketY": 268.10085108859846,
   "chainStayLength": 419.34830391930757,
   "crankLength": 170,
   "forkLength": 381,
   "forkRake": 44.99999999999796,
   "frontHubX": 1333.9070256726766,
   "handlebarAndHoodsReach": 109.9193521825987,
   "handlebarBackX": 1196.1247832669003,
   "handlebarDiameter": 31.8,
   "handlebarTopY": 886.6157342228496,
   "headTubeAngle": 71.50000000000014,
   "headTubeBottomCenterX": 1166.2575277047947,
   "headTubeBottomCenterY": 699.2319948840178,
   "headTubeLength": 135.89121762080256,
   "headTubeTopCenterX": 1123.1386115891567,
   "headTubeTopCenterY": 828.1008510885985,
   "headTubeTopToTopTubeCenter": 30,
   "headsetBottomStack": 12.864164804611363,
   "headsetSpacersStack": 5.000000000000242,
   "headsetTopStack": 7.999874658463504,
   "hoodsRestTopX": 1321.4219907217355,
   "hoodsRestTopY": 897.3169016977524,
   "hubY": 340,
   "name": "Strael 51T",
   "offsetX": 0,
   "offsetY": 4,
   "reach": 370,
   "saddleAngle": 0,
   "saddleBackX": 428.44127233181075,
   "saddleFrontToCenter": 150,
   "saddleLength": 240,
   "saddleStack": 40,
   "saddleTopToBottomBracket": 705.2389058281625,
   "saddleTopY": 933.1415064166965,
   "seatTubeAngle": 74,
   "seatTubeCenterToTop": 514,
   "seatTubeTopCenterX": 611.4610106992191,
   "seatTubeTopCenterY": 762.1893628008944,
   "seatTubeTopToTopTubeCenter": 30,
   "seatpostSetback": 25,
   "stack": 560,
   "stemAngle": 12,
   "stemLength": 99.99999999999991,
   "stemStack": 40,
   "stemToHoodsAngle": -5.586863569091501,
   "topTubeCenterToCenter": 517.1947255504201,
   "topTubeHorizontal": 530.5774160249324,
   "trail": 64.97187348839793,
   "wheelBase": 993.9070256726766,
   "wheelRadius": 340
}
