{
   "backHubX": 340,
   "bottomBracketDrop": 74,
   "bottomBracketHeight": 262,
   "bottomBracketToFrontHub": 586.1777610486401,
   "bottomBracketX": 752.767489029841,
   "bottomBracketY": 266,
   "chainStayLength": 419.34830391930757,
   "crankLength": 170,
   "forkLength": 378.64903572822493,
   "forkRake": 44.99999999999973,
   "frontHubX": 1334.2555521472163,
   "handlebarAndHoodsReach": 116.00000608957342,
   "handlebarBackX": 1193.8620967735085,
   "handlebarDiameter": 31.8,
   "handlebarTopY": 899.5802602916459,
   "headTubeAngle": 71.49999999999997,
   "headTubeBottomCenterX": 1166.9916202934023,
   "headTubeBottomCenterY": 698.0796592367507,
   "headTubeLength": 134.89101538380893,
   "headTubeTopCenterX": 1124.1900730049088,
   "headTubeTopCenterY": 826,
   "headTubeTopToTopTubeCenter": 30,
   "headsetBottomStack": 14.000000000000028,
   "headsetSpacersStack": 10.000000000000085,
   "headsetTopStack": 8,
   "hoodsRestTopX": 1318.766446507001,
   "hoodsRestTopY": 939.2545990001802,
   "hubY": 340,
   "name": "Strael 51T",
   "offsetX": 0,
   "offsetY": 4,
   "reach": 371.4225839750677,
   "saddleAngle": 0,
   "saddleBackX": 444.848966114671,
   "saddleFrontToCenter": 150,
   "saddleLength": 240,
   "saddleStack": 40,
   "saddleTopToBottomBracket": 690.6314538765453,
   "saddleTopY": 921.349771079613,
   "seatTubeAngle": 74,
   "seatTubeCenterToTop": 514,
   "seatTubeTopCenterX": 611.663378911421,
   "seatTubeTopCenterY": 758.0885117122959,
   "seatTubeTopToTopTubeCenter": 30,
   "seatpostSetback": 20,
   "stack": 560,
   "stemAngle": 6,
   "stemLength": 100.00000000000004,
   "stemStack": 40,
   "stemToHoodsAngle": -19.99999999999996,
   "topTubeCenterToCenter": 518.296585293049,
   "topTubeHorizontal": 532.0000000000002,
   "trail": 64.9718734883968,
   "wheelBase": 994.2555521472163,
   "wheelRadius": 340
}
