{
   "backHubX": 340,
   "bottomBracketDrop": 72,
   "bottomBracketHeight": 264,
   "bottomBracketToFrontHub": 587.720005497128,
   "bottomBracketX": 752.767489029841,
   "bottomBracketY": 268,
   "chainStayLength": 418.99999999999994,
   "crankLength": 170,
   "forkLength": 377.50715675352194,
   "forkRake": 45.00000000000159,
   "frontHubX": 1338.3855537131822,
   "handlebarAndHoodsReach": 116.00000000000061,
   "handlebarBackX": 1198.787009592333,
   "handlebarDiameter": 31.8,
   "handlebarTopY": 888.3235895883471,
   "headTubeAngle": 72.25000000000004,
   "headTubeBottomCenterX": 1176.5706621093143,
   "headTubeBottomCenterY": 697.9029208442334,
   "headTubeLength": 124.00000000000001,
   "headTubeTopCenterX": 1138.767489029841,
   "headTubeTopCenterY": 816,
   "headTubeTopToTopTubeCenter": 30,
   "headsetBottomStack": 12.689665239693326,
   "headsetSpacersStack": 10.000000000000188,
   "headsetTopStack": 9.999999999999897,
   "hoodsRestTopX": 1324.2013359578968,
   "hoodsRestTopY": 926.5677044388301,
   "hubY": 340,
   "name": "Strael 54R",
   "offsetX": 0,
   "offsetY": 4,
   "reach": 386,
   "saddleAngle": 0,
   "saddleBackX": 466.79166231287417,
   "saddleFrontToCenter": 150,
   "saddleLength": 240,
   "saddleStack": 40,
   "saddleTopToBottomBracket": 690.0184457331551,
   "saddleTopY": 929.6033031920265,
   "seatTubeAngle": 73.5,
   "seatTubeCenterToTop": 532,
   "seatTubeTopCenterX": 601.6713256473543,
   "seatTubeTopCenterY": 778.0920989498787,
   "seatTubeTopToTopTubeCenter": 30,
   "seatpostSetback": 16,
   "stack": 548,
   "stemAngle": 6,
   "stemLength": 89.99999999999994,
   "stemStack": 40,
   "stemToHoodsAngle": -19.24999999999973,
   "topTubeCenterToCenter": 539.06976423298,
   "topTubeHorizontal": 548.3249952392199,
   "trail": 60.30518456184063,
   "wheelBase": 998.3855537131822,
   "wheelRadius": 340
}
