{
   "backHubX": 340,
   "bottomBracketDrop": 71.89914891140154,
   "bottomBracketHeight": 264.10085108859846,
   "bottomBracketToFrontHub": 584.1332708421421,
   "bottomBracketX": 753.1386115891567,
   "bottomBracketY": 268.10085108859846,
   "chainStayLength": 419.34830391930757,
   "crankLength": 170,
   "forkLength": 381,
   "forkRake": 44.99999999999703,
   "frontHubX": 1332.8300730499543,
   "handlebarAndHoodsReach": 109.91935218259846,
   "handlebarBackX": 1214.0809316947443,
   "handlebarDiameter": 31.8,
   "handlebarTopY": 897.5780470548318,
   "headTubeAngle": 71.5,
   "headTubeBottomCenterX": 1165.1805750820724,
   "headTubeBottomCenterY": 699.2319948840178,
   "headTubeLength": 137.00000000000003,
   "headTubeTopCenterX": 1121.7098371545749,
   "headTubeTopCenterY": 829.1523356472671,
   "headTubeTopToTopTubeCenter": 30,
   "headsetBottomStack": 12.864164804611477,
   "headsetSpacersStack": 0,
   "headsetTopStack": 7.9998746584635825,
   "hoodsRestTopX": 1339.3781391495793,
   "hoodsRestTopY": 908.2792145297345,
   "hubY": 340,
   "name": "Strael 51T",
   "offsetX": 0,
   "offsetY": 4,
   "reach": 368.5712255654182,
   "saddleAngle": 0,
   "saddleBackX": 424.8891337549669,
   "saddleFrontToCenter": 150,
   "saddleLength": 240,
   "saddleStack": 40,
   "saddleTopToBottomBracket": 696.1824723897796,
   "saddleTopY": 922.2470283108477,
   "seatTubeAngle": 73.70851494846616,
   "seatTubeCenterToTop": 514,
   "seatTubeTopCenterX": 609.1918585962103,
   "seatTubeTopCenterY": 760.6320630109367,
   "seatTubeTopToTopTubeCenter": 30,
   "seatpostSetback": 20,
   "stack": 561.0514845586687,
   "stemAngle": 6,
   "stemLength": 120.00006585468579,
   "stemStack": 40,
   "stemToHoodsAngle": -5.586863569091436,
   "topTubeCenterToCenter": 518.2175806815144,
   "topTubeHorizontal": 532.5436551478645,
   "trail": 64.97187348839975,
   "wheelBase": 992.8300730499543,
   "wheelRadius": 340
}
