{
   "backHubX": 340,
   "bottomBracketDrop": 74,
   "bottomBracketHeight": 262,
   "bottomBracketToFrontHub": 588.1997721156486,
   "bottomBracketX": 753.9275298889892,
   "bottomBracketY": 266,
   "chainStayLength": 420.4901901352754,
   "crankLength": 170,
   "forkLength": 381,
   "forkRake": 36.719094298024594,
   "frontHubX": 1332.4538548451987,
   "handlebarAndHoodsReach": 116.00000000000021,
   "handlebarBackX": 1204.7861481666068,
   "handlebarDiameter": 31.8,
   "handlebarTopY": 910.8360491033159,
   "headTubeAngle": 72.25000000000011,
   "headTubeBottomCenterX": 1179.1510197889847,
   "headTubeBottomCenterY": 698.4738594560052,
   "headTubeLength": 154.90003273770301,
   "headTubeTopCenterX": 1131.9275298889893,
   "headTubeTopCenterY": 846,
   "headTubeTopToTopTubeCenter": 30,
   "headsetBottomStack": 7.145559376233649,
   "headsetSpacersStack": 1.1013412404281553e-13,
   "headsetTopStack": 9.999999999999929,
   "hoodsRestTopX": 1328.0488466326447,
   "hoodsRestTopY": 954.7592887161984,
   "hubY": 340,
   "name": "Strael 54T",
   "offsetX": 0,
   "offsetY": 4,
   "reach": 378.0000000000001,
   "saddleAngle": 0,
   "saddleBackX": 470.8403485562827,
   "saddleFrontToCenter": 150,
   "saddleLength": 240,
   "saddleStack": 40,
   "saddleTopToBottomBracket": 690.0184457331553,
   "saddleTopY": 928.4521083497206,
   "seatTubeAngle": 73.75,
   "seatTubeCenterToTop": 536,
   "seatTubeTopCenterX": 604.5221252075496,
   "seatTubeTopCenterY": 778.5867219508576,
   "seatTubeTopToTopTubeCenter": 30,
   "seatpostSetback": 16,
   "stack": 580,
   "stemAngle": 6,
   "stemLength": 99.99999999999946,
   "stemStack": 40,
   "stemToHoodsAngle": -22.25000000000012,
   "topTubeCenterToCenter": 532.4704794931944,
   "topTubeHorizontal": 547.0545833599309,
   "trail": 69.00000000000023,
   "wheelBase": 992.4538548451987,
   "wheelRadius": 340
}
