{
   "backHubX": 340,
   "bottomBracketDrop": 71.89915000000002,
   "bottomBracketHeight": 264.10085,
   "bottomBracketToFrontHub": 581.2046639651237,
   "bottomBracketX": 753.13861,
   "bottomBracketY": 268.10085,
   "chainStayLength": 419.3483025403281,
   "crankLength": 170,
   "forkLength": 381.47724,
   "forkRake": 41.18003595838557,
   "frontHubX": 1329.87891,
   "handlebarAndHoodsReach": 109.91935496150344,
   "handlebarBackX": 1196.1247824692098,
   "handlebarDiameter": 31.8,
   "handlebarTopY": 886.6157301488108,
   "headTubeAngle": 71.49999907674938,
   "headTubeBottomCenterX": 1166.60935,
   "headTubeBottomCenterY": 698.18051,
   "headTubeLength": 136.99999993380732,
   "headTubeTopCenterX": 1123.13861,
   "headTubeTopCenterY": 828.10085,
   "headTubeTopToTopTubeCenter": 30,
   "headsetBottomStack": 10.00000276759664,
   "headsetSpacersStack": 5.000000000000002,
   "headsetTopStack": 7.99987,
   "hoodsRestTopX": 1321.4219924692097,
   "hoodsRestTopY": 897.3169001488109,
   "hubY": 340,
   "name": "Strael 51T",
   "offsetX": 0,
   "offsetY": 4,
   "reach": 370,
   "saddleAngle": 0,
   "saddleBackX": 436.3748047668183,
   "saddleFrontToCenter": 150,
   "saddleLength": 240,
   "saddleStack": 40,
   "saddleTopToBottomBracket": 689.6689237857089,
   "saddleTopY": 919.4236586532096,
   "seatTubeAngle": 74.0000000427478,
   "seatTubeCenterToTop": 513.9999981087354,
   "seatTubeTopCenterX": 611.46101,
   "seatTubeTopCenterY": 762.18936,
   "seatTubeTopToTopTubeCenter": 30,
   "seatpostSetback": 25,
   "stack": 560,
   "stemAngle": 12,
   "stemLength": 100,
   "stemStack": 40,
   "stemToHoodsAngle": -5.586864749895313,
   "topTubeCenterToCenter": 517.1947253837674,
   "topTubeHorizontal": 530.5774155727686,
   "trail": 69.00000197372492,
   "wheelBase": 989.8789099999999,
   "wheelRadius": 340
}
