{
   "backHubX": 340,
   "bottomBracketDrop": 71.89915000000002,
   "bottomBracketHeight": 264.10085,
   "bottomBracketToFrontHub": 585.2020552253888,
   "bottomBracketX": 753.13861,
   "bottomBracketY": 268.10085,
   "chainStayLength": 419.3483025403281,
   "crankLength": 170,
   "forkLength": 381,
   "forkRake": 44.99999629079423,
   "frontHubX": 1333.90703,
   "handlebarAndHoodsReach": 109.91935496150344,
   "handlebarBackX": 1206.0605009361802,
   "handlebarDiameter": 31.8,
   "handlebarTopY": 887.7477625924089,
   "headTubeAngle": 71.49999895464165,
   "headTubeBottomCenterX": 1166.25753,
   "headTubeBottomCenterY": 699.23199,
   "headTubeLength": 135.89122245261473,
   "headTubeTopCenterX": 1123.13861,
   "headTubeTopCenterY": 828.10085,
   "headTubeTopToTopTubeCenter": 30,
   "headsetBottomStack": 12.864161638804774,
   "headsetSpacersStack": 4.999999931679236,
   "headsetTopStack": 7.99987,
   "hoodsRestTopX": 1331.3577109361802,
   "hoodsRestTopY": 898.4489325924089,
   "hubY": 340,
   "name": "Strael 51T",
   "offsetX": 0,
   "offsetY": 4,
   "reach": 370,
   "saddleAngle": 0,
   "saddleBackX": 437.11531,
   "saddleFrontToCenter": 150,
   "saddleLength": 240,
   "saddleStack": 40,
   "saddleTopToBottomBracket": 686.9865987308774,
   "saddleTopY": 916.84121,
   "seatTubeAngle": 74.0000000427478,
   "seatTubeCenterToTop": 513.9999981087354,
   "seatTubeTopCenterX": 611.46101,
   "seatTubeTopCenterY": 762.18936,
   "seatTubeTopToTopTubeCenter": 30,
   "seatpostSetback": 25,
   "stack": 560,
   "stemAngle": 12,
   "stemLength": 109.9999999999999,
   "stemStack": 40,
   "stemToHoodsAngle": -5.586864749895313,
   "topTubeCenterToCenter": 517.1947254464992,
   "topTubeHorizontal": 530.5774155727686,
   "trail": 64.97188392665907,
   "wheelBase": 993.9070300000001,
   "wheelRadius": 340
}
