{
   "backHubX": 340,
   "bottomBracketDrop": 74,
   "bottomBracketHeight": 262,
   "bottomBracketToFrontHub": 586.1777610486401,
   "bottomBracketX": 752.767489029841,
   "bottomBracketY": 266,
   "chainStayLength": 419.34830391930757,
   "crankLength": 170,
   "forkLength": 377.0554654463946,
   "forkRake": 44.99999999999973,
   "frontHubX": 1334.2555521472163,
   "handlebarAndHoodsReach": 116.00000608957346,
   "handlebarBackX": 1211.1668843210716,
   "handlebarDiameter": 31.8,
   "handlebarTopY": 910.5473181568511,
   "headTubeAngle": 71.49999999999997,
   "headTubeBottomCenterX": 1166.9916202934023,
   "headTubeBottomCenterY": 698.0796592367507,
   "headTubeLength": 134.89101538380893,
   "headTubeTopCenterX": 1124.1900730049088,
   "headTubeTopCenterY": 826,
   "headTubeTopToTopTubeCenter": 30,
   "headsetBottomStack": 15.593570281830381,
   "headsetSpacersStack": 14.999999999999822,
   "headsetTopStack": 10,
   "hoodsRestTopX": 1336.0712340545642,
   "hoodsRestTopY": 950.2216568653855,
   "hubY": 340,
   "name": "Strael 51T",
   "offsetX": 0,
   "offsetY": 4,
   "reach": 371.4225839750677,
   "saddleAngle": 0,
   "saddleBackX": 457.5777135161116,
   "saddleFrontToCenter": 150,
   "saddleLength": 240,
   "saddleStack": 40,
   "saddleTopToBottomBracket": 694.2843029086946,
   "saddleTopY": 929.2705701974401,
   "seatTubeAngle": 74,
   "seatTubeCenterToTop": 514,
   "seatTubeTopCenterX": 611.663378911421,
   "seatTubeTopCenterY": 758.0885117122959,
   "seatTubeTopToTopTubeCenter": 30,
   "seatpostSetback": 20,
   "stack": 560,
   "stemAngle": 6,
   "stemLength": 120.00000000000009,
   "stemStack": 40,
   "stemToHoodsAngle": -20.00000000000001,
   "topTubeCenterToCenter": 518.296585293049,
   "topTubeHorizontal": 532.0000000000002,
   "trail": 64.9718734883968,
   "wheelBase": 994.2555521472163,
   "wheelRadius": 340
}
