{
   "backHubX": 340,
   "bottomBracketDrop": 72,
   "bottomBracketHeight": 264,
   "bottomBracketToFrontHub": 596.448754740921,
   "bottomBracketX": 753.9275298889892,
   "bottomBracketY": 268,
   "chainStayLength": 420.14283285568496,
   "crankLength": 170,
   "forkLength": 381,
   "forkRake": 45.000000000000874,
   "frontHubX": 1346.0146155714885,
   "handlebarAndHoodsReach": 116.00000000000031,
   "handlebarBackX": 1221.4190970920727,
   "handlebarDiameter": 31.8,
   "handlebarTopY": 897.6700422165455,
   "headTubeAngle": 73.00000000000016,
   "headTubeBottomCenterX": 1188.663565006562,
   "headTubeBottomCenterY": 700.7584328690239,
   "headTubeLength": 139.32960837029057,
   "headTubeTopCenterX": 1147.9275298889893,
   "headTubeTopCenterY": 834,
   "headTubeTopToTopTubeCenter": 30,
   "headsetBottomStack": 10.000000000000085,
   "headsetSpacersStack": 4.725109192804666e-13,
   "headsetTopStack": 9.999999999999929,
   "hoodsRestTopX": 1344.097660092556,
   "hoodsRestTopY": 942.9948531213015,
   "hubY": 340,
   "name": "Strael 54R",
   "offsetX": 0,
   "offsetY": 4,
   "reach": 394.0000000000001,
   "saddleAngle": 0,
   "saddleBackX": 467.95170317202223,
   "saddleFrontToCenter": 150,
   "saddleLength": 240,
   "saddleStack": 40,
   "saddleTopToBottomBracket": 690.0184457331551,
   "saddleTopY": 929.6033031920265,
   "seatTubeAngle": 73.5,
   "seatTubeCenterToTop": 545,
   "seatTubeTopCenterX": 598.5467400354272,
   "seatTubeTopCenterY": 792.5567555031652,
   "seatTubeTopToTopTubeCenter": 30,
   "seatpostSetback": 16,
   "stack": 566,
   "stemAngle": 6,
   "stemLength": 99.99999999999913,
   "stemStack": 40,
   "stemToHoodsAngle": -23.00000000000005,
   "topTubeCenterToCenter": 551.1973933775621,
   "topTubeHorizontal": 561.6568381485375,
   "trail": 55.669379928186345,
   "wheelBase": 1006.0146155714885,
   "wheelRadius": 340
}
