{
   "backHubX": 340,
   "bottomBracketDrop": 71.89914891140154,
   "bottomBracketHeight": 264.10085108859846,
   "bottomBracketToFrontHub": 584.1332708421421,
   "bottomBracketX": 753.1386115891567,
   "bottomBracketY": 268.10085108859846,
   "chainStayLength": 419.34830391930757,
   "crankLength": 170,
   "forkLength": 381,
   "forkRake": 44.99999999999714,
   "frontHubX": 1332.8300730499543,
   "handlebarAndHoodsReach": 109.91935218259847,
   "handlebarBackX": 1194.6960088323187,
   "handlebarDiameter": 31.8,
   "handlebarTopY": 887.6672187815183,
   "headTubeAngle": 71.50000000000003,
   "headTubeBottomCenterX": 1165.1805750820724,
   "headTubeBottomCenterY": 699.2319948840178,
   "headTubeLength": 137,
   "headTubeTopCenterX": 1121.7098371545749,
   "headTubeTopCenterY": 829.1523356472671,
   "headTubeTopToTopTubeCenter": 30,
   "headsetBottomStack": 12.864164804611391,
   "headsetSpacersStack": 5.000000000000028,
   "headsetTopStack": 7.999874658463504,
   "hoodsRestTopX": 1319.9932162871537,
   "hoodsRestTopY": 898.3683862564211,
   "hubY": 340,
   "name": "Strael 51T",
   "offsetX": 0,
   "offsetY": 4,
   "reach": 368.5712255654182,
   "saddleAngle": 0,
   "saddleBackX": 427.8891337549669,
   "saddleFrontToCenter": 150,
   "saddleLength": 250,
   "saddleStack": 40,
   "saddleTopToBottomBracket": 691.8414185628505,
   "saddleTopY": 922.2470283108477,
   "seatTubeAngle": 73.70851494846616,
   "seatTubeCenterToTop": 514,
   "seatTubeTopCenterX": 609.1918585962103,
   "seatTubeTopCenterY": 760.6320630109367,
   "seatTubeTopToTopTubeCenter": 30,
   "seatpostSetback": 20,
   "stack": 561.0514845586687,
   "stemAngle": 12,
   "stemLength": 100.00000000000016,
   "stemStack": 40,
   "stemToHoodsAngle": -5.586863569091514,
   "topTubeCenterToCenter": 518.2175806815144,
   "topTubeHorizontal": 532.5436551478645,
   "trail": 64.9718734883993,
   "wheelBase": 992.8300730499543,
   "wheelRadius": 340
}
