{
   "backHubX": 340,
   "bottomBracketDrop": 71.89915000000002,
   "bottomBracketHeight": 264.10085,
   "bottomBracketToFrontHub": 585.2020552253888,
   "bottomBracketX": 753.13861,
   "bottomBracketY": 268.10085,
   "chainStayLength": 419.3483025403281,
   "crankLength": 170,
   "forkLength": 381.47724403511313,
   "forkRake": 41.180038555848085,
   "frontHubX": 1329.8789139266585,
   "handlebarAndHoodsReach": 109.91935496150344,
   "handlebarBackX": 1206.0605,
   "handlebarDiameter": 31.8,
   "handlebarTopY": 887.74776,
   "headTubeAngle": 71.4999989546417,
   "headTubeBottomCenterX": 1166.609350297887,
   "headTubeBottomCenterY": 698.1805100298719,
   "headTubeLength": 137,
   "headTubeTopCenterX": 1123.13861,
   "headTubeTopCenterY": 828.10085,
   "headTubeTopToTopTubeCenter": 30,
   "headsetBottomStack": 10,
   "headsetSpacersStack": 4.999997406737267,
   "headsetTopStack": 7.99987,
   "hoodsRestTopX": 1331.35771,
   "hoodsRestTopY": 898.44893,
   "hubY": 340,
   "name": "Strael 51T",
   "offsetX": 0,
   "offsetY": 4,
   "reach": 370,
   "saddleAngle": 0,
   "saddleBackX": 434.11531,
   "saddleFrontToCenter": 150,
   "saddleLength": 240,
   "saddleStack": 40,
   "saddleTopToBottomBracket": 687.9794521901215,
   "saddleTopY": 916.84121,
   "seatTubeAngle": 74.0000000427478,
   "seatTubeCenterToTop": 513.9999981087354,
   "seatTubeTopCenterX": 611.46101,
   "seatTubeTopCenterY": 762.18936,
   "seatTubeTopToTopTubeCenter": 30,
   "seatpostSetback": 25,
   "stack": 560,
   "stemAngle": 12,
   "stemLength": 109.99999825140354,
   "stemStack": 40,
   "stemToHoodsAngle": -5.586864749895313,
   "topTubeCenterToCenter": 517.1947254464992,
   "topTubeHorizontal": 530.5774155727686,
   "trail": 69,
   "wheelBase": 989.8789139266585,
   "wheelRadius": 340
}
