{
   "backHubX": 340,
   "bottomBracketDrop": 65,
   "bottomBracketHeight": 271,
   "bottomBracketToFrontHub": 598.8064033010625,
   "bottomBracketX": 759.1956583744636,
   "bottomBracketY": 275,
   "chainStayLength": 424.2051390542081,
   "crankLength": 170,
   "forkLength": 400,
   "forkRake": 40.6830511153377,
   "frontHubX": 1354.4637564902241,
   "handlebarAndHoodsReach": 116.00000000000024,
   "handlebarBackX": 1194.6538544048399,
   "handlebarDiameter": 31.8,
   "handlebarTopY": 923.1186719260621,
   "headTubeAngle": 69.99999999999997,
   "headTubeBottomCenterX": 1174.2958340859327,
   "headTubeBottomCenterY": 716.0580146527585,
   "headTubeLength": 96.77843939136451,
   "headTubeTopCenterX": 1141.1956583744636,
   "headTubeTopCenterY": 807,
   "headTubeTopToTopTubeCenter": 30,
   "headsetBottomStack": 14.999999999999915,
   "headsetSpacersStack": 29.99999999999995,
   "headsetTopStack": 10,
   "hoodsRestTopX": 1326.5361870429815,
   "hoodsRestTopY": 925.143151072787,
   "hubY": 340,
   "name": "rodeo 52",
   "offsetX": 0,
   "offsetY": 4,
   "reach": 382,
   "saddleAngle": 0,
   "saddleBackX": 439.00588286073423,
   "saddleFrontToCenter": 150,
   "saddleLength": 280,
   "saddleStack": 40,
   "saddleTopToBottomBracket": 690,
   "saddleTopY": 938.2705701974401,
   "seatTubeAngle": 74,
   "seatTubeCenterToTop": 488,
   "seatTubeTopCenterX": 623.250901806974,
   "seatTubeTopCenterY": 749.0957076178997,
   "seatTubeTopToTopTubeCenter": 30,
   "seatpostSetback": 25,
   "stack": 532,
   "stemAngle": -6,
   "stemLength": 99.9999999999998,
   "stemStack": 40,
   "stemToHoodsAngle": -0.9999999999999761,
   "topTubeCenterToCenter": 523.2226640414091,
   "topTubeHorizontal": 534.5485452236858,
   "trail": 79.00000000000045,
   "wheelBase": 1014.4637564902241,
   "wheelRadius": 340
}
