{
   "backHubX": 340,
   "bottomBracketDrop": 77,
   "bottomBracketHeight": 259,
   "bottomBracketToFrontHub": 608,
   "bottomBracketX": 765.0823449638905,
   "bottomBracketY": 263,
   "chainStayLength": 431.99999999999994,
   "crankLength": 170,
   "forkLength": 396.95025418684827,
   "forkRake": 50.00000000000064,
   "frontHubX": 1362.7458688563952,
   "handlebarAndHoodsReach": 115.99999694109856,
   "handlebarBackX": 1193.383998962795,
   "handlebarDiameter": 31.8,
   "handlebarTopY": 907.61574,
   "headTubeAngle": 70.50000013417677,
   "headTubeBottomCenterX": 1180.5207115183675,
   "headTubeBottomCenterY": 704.8007571051502,
   "headTubeLength": 135.99999999999994,
   "headTubeTopCenterX": 1135.122978962795,
   "headTubeTopCenterY": 833,
   "headTubeTopToTopTubeCenter": 30,
   "headsetBottomStack": 7.754082769601439,
   "headsetSpacersStack": 9.999997504637705,
   "headsetTopStack": 10,
   "hoodsRestTopX": 1325.2795789627953,
   "hoodsRestTopY": 908.62802,
   "hubY": 340,
   "name": "Secan 51T",
   "offsetX": 0,
   "offsetY": 4,
   "reach": 370.0406339989046,
   "saddleAngle": 0,
   "saddleBackX": 448.5002249638905,
   "saddleFrontToCenter": 150,
   "saddleLength": 240,
   "saddleStack": 40,
   "saddleTopToBottomBracket": 692.3051841548802,
   "saddleTopY": 917.17659,
   "seatTubeAngle": 73.99999981980301,
   "seatTubeCenterToTop": 495,
   "seatTubeTopCenterX": 625.2009076680438,
   "seatTubeTopCenterY": 750.8245390603583,
   "seatTubeTopToTopTubeCenter": 30,
   "seatpostSetback": 25,
   "stack": 570,
   "stemAngle": 6,
   "stemLength": 90.00000057908905,
   "stemStack": 40,
   "stemToHoodsAngle": -0.5000009428884923,
   "topTubeCenterToCenter": 518.3128443549471,
   "topTubeHorizontal": 533.4855058214911,
   "trail": 65.9414045495264,
   "wheelBase": 1022.7458688563952,
   "wheelRadius": 340
}
