{
   "backHubX": 340,
   "bottomBracketDrop": 77,
   "bottomBracketHeight": 259,
   "bottomBracketToFrontHub": 615.7814158349296,
   "bottomBracketX": 766.2909804347261,
   "bottomBracketY": 263,
   "chainStayLength": 433.1893350487752,
   "crankLength": 170,
   "forkLength": 398,
   "forkRake": 46.17420032609389,
   "frontHubX": 1373.6058541923067,
   "handlebarAndHoodsReach": 116.00000000000006,
   "handlebarBackX": 1212.551998901166,
   "handlebarDiameter": 31.8,
   "handlebarTopY": 895.6157423907184,
   "headTubeAngle": 70.49999999999989,
   "headTubeBottomCenterX": 1194.6366412764569,
   "headTubeBottomCenterY": 707.067368470957,
   "headTubeLength": 120.86528399788195,
   "headTubeTopCenterX": 1154.290980434726,
   "headTubeTopCenterY": 821,
   "headTubeTopToTopTubeCenter": 30,
   "headsetBottomStack": 7.754082409724944,
   "headsetSpacersStack": 9.999999999999673,
   "headsetTopStack": 10,
   "hoodsRestTopX": 1344.4475819766099,
   "hoodsRestTopY": 896.62802050853,
   "hubY": 340,
   "name": "Secan 54R",
   "offsetX": 0,
   "offsetY": 4,
   "reach": 387.9999999999999,
   "saddleAngle": 0,
   "saddleBackX": 449.70886209925845,
   "saddleFrontToCenter": 150,
   "saddleLength": 240,
   "saddleStack": 40,
   "saddleTopToBottomBracket": 692.3051825606523,
   "saddleTopY": 917.1765888893841,
   "seatTubeAngle": 74,
   "seatTubeCenterToTop": 510,
   "seatTubeTopCenterX": 623.4320511749193,
   "seatTubeTopCenterY": 761.2082933322968,
   "seatTubeTopToTopTubeCenter": 30,
   "seatpostSetback": 25,
   "stack": 558,
   "stemAngle": 6,
   "stemLength": 90.00000000000009,
   "stemStack": 40,
   "stemToHoodsAngle": -0.5000000000000842,
   "topTubeCenterToCenter": 536.0123099066709,
   "topTubeHorizontal": 548.0039252534148,
   "trail": 70.00000000000136,
   "wheelBase": 1033.6058541923067,
   "wheelRadius": 340
}
