{
   "backHubX": 340,
   "bottomBracketDrop": 72,
   "bottomBracketHeight": 264,
   "bottomBracketToFrontHub": 600.1955872810786,
   "bottomBracketX": 752.767489029841,
   "bottomBracketY": 268,
   "chainStayLength": 418.99999999999994,
   "crankLength": 170,
   "forkLength": 376.19682199321437,
   "forkRake": 44.99999999999995,
   "frontHubX": 1338.8250073936038,
   "handlebarAndHoodsReach": 116.00000000000055,
   "handlebarBackX": 1202.371035967703,
   "handlebarDiameter": 31.8,
   "handlebarTopY": 911.121736663958,
   "headTubeAngle": 72.25000000000016,
   "headTubeBottomCenterX": 1177.0101157897384,
   "headTubeBottomCenterY": 697.9029208442334,
   "headTubeLength": 157.59947619675094,
   "headTubeTopCenterX": 1128.9636619518346,
   "headTubeTopCenterY": 848,
   "headTubeTopToTopTubeCenter": 30,
   "headsetBottomStack": 14.000000000000028,
   "headsetSpacersStack": 1.2079226507921703e-13,
   "headsetTopStack": 8.2,
   "hoodsRestTopX": 1327.2753799788688,
   "hoodsRestTopY": 950.7960732897358,
   "hubY": 340,
   "name": "Strael 54T",
   "offsetX": 0,
   "offsetY": 4,
   "reach": 376.1961729219936,
   "saddleAngle": 0,
   "saddleBackX": 433.2251559605805,
   "saddleFrontToCenter": 150,
   "saddleLength": 240,
   "saddleStack": 40,
   "saddleTopToBottomBracket": 690.0146094769841,
   "saddleTopY": 918.7153591400739,
   "seatTubeAngle": 73.5,
   "seatTubeCenterToTop": 536,
   "seatTubeTopCenterX": 600.5352642685385,
   "seatTubeTopCenterY": 781.9273778893516,
   "seatTubeTopToTopTubeCenter": 30,
   "seatpostSetback": 16,
   "stack": 580,
   "stemAngle": 6,
   "stemLength": 99.99999999999991,
   "stemStack": 40,
   "stemToHoodsAngle": -19.999999999999996,
   "topTubeCenterToCenter": 533.1876674945269,
   "topTubeHorizontal": 548.0000000000001,
   "trail": 60.305184561842,
   "wheelBase": 998.8250073936038,
   "wheelRadius": 340
}
